{"usuarios":[{"id":1,"email":"vinicios@vinicios.com","senha":"123456","nome":"Vinicios","endereco":"Rua x","complemento":"comp","cep":"2860000"},{"id":2,"email":"vinicios@vinicios.com.br","senha":"123456","nome":"Vinicios","endereco":"Rua x","complemento":"comp","cep":"2860000"},{"id":3,"email":"vinicios@alura.com.br","senha":"123456","nome":"Vinicios","endereco":"Rua X","complemento":"Y","cep":"12345678"},{"id":4,"email":"vinicios@alura.com","senha":"1234556","nome":"Vinicios","endereco":"X","complemento":"Y","cep":"12345678"},{"id":5,"email":"marcos@alura.com.br","senha":"963258","nome":"Marcos ","endereco":"Rua X","complemento":"Complemento Y","cep":"12345678"},{"id":6,"email":"vinicios.neves@alura.com","senha":"123","nome":"Vinicios","endereco":"Rua Z","complemento":"X","cep":"123"}]}